email, firstname
dui@aliquetsem.org, Hayes
consectetuer.adipiscing.elit@Duissit.co.uk, Addison
et.arcu.imperdiet@euduiCum.ca, Dante
Suspendisse.tristique@enimCurabiturmassa.net, Vivien
vel.turpis@condimentum.com, Nehru
elementum.lorem@arcuVestibulumante.com, Orlando
tortor.dictum.eu@cursus.edu, Cheryl
semper.dui.lectus@dui.com, Rae
sollicitudin.a.malesuada@nibh.edu, Rafael
vitae@vel.com, Zachery
dapibus.ligula@fringillaporttitor.co.uk, Iola
Donec.tempus@arcuVestibulumut.org, Palmer
ridiculus.mus@aptenttacitisociosqu.edu, Erica
Nunc@porttitorerosnec.net, Raya
ipsum.Donec@variusNam.com, Sigourney
euismod@sedturpis.org, Maryam
Suspendisse.commodo.tincidunt@eget.org, Colt
magna.malesuada.vel@mi.org, Colt
nec.urna.suscipit@fringilla.edu, Avye
consectetuer.ipsum.nunc@urnaNullamlobortis.co.uk, Felicia
non.magna@quis.com, Amena
arcu.Vivamus@temporestac.org, Morgan
ridiculus@variuset.com, McKenzie
id.ante@metus.net, Willa
ante@porttitorvulputate.co.uk, Quintessa
Cras.convallis@etmagna.edu, Sandra
Aliquam@neceuismod.org, Cathleen
Donec@urna.net, Noelani
dui.nec@Duissitamet.net, Geoffrey
urna.Nunc.quis@vitae.com, Latifah
mauris.sagittis.placerat@elementum.org, Cynthia
ac@estconguea.edu, Gray
Aliquam.nec@ridiculusmusProin.co.uk, Jacob
dictum.eu.placerat@nislMaecenas.net, Karleigh
ut@enimdiamvel.org, Todd
nunc.sit@semperegestasurna.ca, Richard
Sed.eget.lacus@aaliquet.com, Colleen
ac@lacusUtnec.org, Kenyon
consectetuer@at.co.uk, Callum
elit.Curabitur@nonquam.co.uk, Clarke
tincidunt.tempus.risus@doloregestas.co.uk, Astra
Nulla.eu.neque@vulputate.edu, Ashely
per.conubia@aliquetlobortisnisi.edu, Zahir
tellus@Pellentesquehabitant.org, Rebekah
ornare.Fusce@feugiat.co.uk, Roanna
consectetuer@ultricesVivamus.ca, Nerea
vitae.erat.Vivamus@elitEtiamlaoreet.edu, Lila
amet.diam@magna.ca, Mari
sed.est.Nunc@atvelit.net, Heidi
Nunc.ut@etrisus.co.uk, Jamal
Nulla.aliquet@placerat.org, Quin
commodo.auctor.velit@nonquamPellentesque.com, Rhiannon
orci.lacus@sedhendrerita.org, Jarrod
adipiscing@aliquamenimnec.net, Keiko
arcu.Sed.et@congueelit.org, Igor
orci@Donec.edu, Jermaine
quis.massa@nisiMaurisnulla.co.uk, Ezra
est.mollis.non@sagittissemper.org, Randall
et.pede.Nunc@lorem.net, Ava
habitant@nislNulla.com, Minerva
In.at@sit.co.uk, Kuame
Maecenas@estNuncullamcorper.co.uk, Nehru
in.sodales@nequeNullamut.net, Karleigh
Nulla@adipiscingfringilla.edu, Baxter
vestibulum.Mauris@sitamet.edu, Octavia
Nulla.tempor.augue@temporaugue.org, Aristotle
massa.Quisque.porttitor@lacus.edu, Connor
nibh.sit.amet@ligulaNullamenim.edu, Brendan
ac.turpis@euismodac.co.uk, Edan
ante.ipsum@Integeraliquamadipiscing.co.uk, Dorian
elit.pharetra.ut@nondui.net, Stephen
bibendum@varius.org, Rana
est.Nunc@ultriciesadipiscing.edu, Genevieve
lectus.rutrum@quisaccumsanconvallis.ca, Clinton
senectus.et@est.org, Chiquita
facilisi.Sed.neque@ultriciesornareelit.co.uk, Andrew
a@gravidamauris.com, Kimberley
eget.laoreet.posuere@tincidunt.org, Jerry
eget.tincidunt.dui@nequesedsem.net, Zachary
montes.nascetur.ridiculus@Donec.edu, Karen
quis@egetipsumDonec.co.uk, Mari
porttitor@adipiscingelitEtiam.net, Jessamine
nulla.Donec@cubiliaCuraeDonec.ca, Idona
mauris.blandit@arcu.net, Jeanette
aliquet@consectetueradipiscing.org, Kellie
iaculis.aliquet@mollisInteger.edu, Lee
lorem.tristique.aliquet@urnasuscipit.com, Cameron
erat@velit.co.uk, Ray
elementum.sem@scelerisque.edu, Georgia
scelerisque.lorem.ipsum@necleoMorbi.org, Brett
iaculis@Nullamfeugiatplacerat.net, Kaseem
accumsan.laoreet.ipsum@mauris.com, Vladimir
fermentum.convallis.ligula@aliquet.ca, Jelani
orci.tincidunt.adipiscing@pretiumetrutrum.com, Tashya
tellus@bibendumullamcorper.edu, Rama
Sed@vehiculaetrutrum.net, Igor
lacus@milorem.ca, Marny
Curabitur.massa.Vestibulum@eueros.co.uk, Aphrodite
eu@elit.org, Colin
ut.cursus.luctus@utipsumac.org, Cynthia
